<?xml version="1.0" encoding="utf-8"?>
<files xmlns="http://apstandard.com/ns/1">
<file name="images/icon.png" size="6275" sha256="2895717370ae5b915bd7f1eb8b1fa417f8adf50d51886f5cb240c527baee538f"/>
<file name="images/screen-shot.png" size="233965" sha256="6e1655ee020618227f64dc66b45df34773aaa7a3dd20360f254e181123e303ac"/>
<file name="images/icon.gif" size="1518" sha256="fc030f7aac347858ceeaecced872702aeda5c472da04696c97a9eae78ee972ab"/>
<file name="scripts/configure.php" size="26816" sha256="9153094b845eb49b90a0937e7c702d5f6f98709c22a88142df5b2c245290568e"/>
<file name="scripts/license-install.php" size="472" sha256="961866d9853bc1d5c3dacde61b6b2a2c177520ffc2721379ac741a46a024f034"/>
<file name="htdocs/index.php" size="129" sha256="d6ef7e2ecba4fe123bd164187982d5b007f8ae6ee1a4118209149d9b5af8c841"/>
<file name="htdocs/cf-admin/index.php" size="17322" sha256="07fc08ee613e84b4a12b12e709e44765ebc95f8d8831703b8cd1c16a50e736cc"/>
<file name="htdocs/cf-admin/confer.php" size="1277" sha256="8ba7c64b46643242cb2c41ced9c7f372dd2d875d9efb352cab6d99a11d56633f"/>
<file name="htdocs/cf-admin/ajax/cf.php" size="24644" sha256="a5bdcc817af8a725659f134009d0f1f1a85cc3bd4ff1fc3b5837ae5a4d3d06f9"/>
<file name="htdocs/static/images/content-background.png" size="325" sha256="7820a0ba531757e96129a41be01897ade8d6ad43ae7b5ad8a8db39e195b40983"/>
<file name="htdocs/static/images/wait28trans.gif" size="6188" sha256="47d127b6bdb88d740b10a373bf64fd90031bef8ec93cc87e71463a30bc7e459f"/>
<file name="htdocs/static/images/content-background-bottom.png" size="1875" sha256="2534059b21ffcb7a9faed94e2def23f6aef31c506281b1f2f51fb07f358c5fa0"/>
<file name="htdocs/static/images/header-gradient.png" size="4134" sha256="eff34d41ea2285078c02ba8c5c54d6a3913f34264862d43bedefc4ac37a5478e"/>
<file name="htdocs/static/images/cloudflare-logo.png" size="8734" sha256="54ac11f1a1bd1d705c487897d5f3aa0714a49d16e1b10e34af1d9a394b905784"/>
<file name="htdocs/static/images/wait26trans.gif" size="5672" sha256="59cf112a5bbbf7a96f872331efc3780d0e30fe256cafccbecd53bddfed83021d"/>
<file name="htdocs/static/images/solo_cloud-55x25.png" size="2013" sha256="b9a8a793936deaa5f63ce929cb26772f5e7bc8f878a3e4ec12a343135ad6a61f"/>
<file name="htdocs/static/images/def_plesk_logo.png" size="2025" sha256="48ccd886be1457f2e9af479a3da774881a6920447237bbdcc0ebf2882d8a1ba5"/>
<file name="htdocs/static/images/cloudflare_bt.gif" size="947" sha256="b62c5269d1682232c4dac5aace9108b472d1d24e43fc0187a37e054583a25040"/>
<file name="htdocs/static/images/close.png" size="1129" sha256="6caec140dcc7113fbe03d6cb56db2ab146d73a33fd4cfbe08e05986797c6ef39"/>
<file name="htdocs/static/images/content-background-top.png" size="742" sha256="8de0a1d3d9258f5d45f4c346237594dfc95c8ff99b747821448e7772a5ad5f51"/>
<file name="htdocs/static/images/Info_16x16.png" size="606" sha256="cc2c830e6317a427cd1f633df5ace355f82aa962059ee98e9872cb33aa5f75ba"/>
<file name="htdocs/static/images/solo_cloud_off-55x25.png" size="1663" sha256="02278cc067019488c75d082da9265f14a8f7f8eae14f36b2f5b0b247b88f3870"/>
<file name="htdocs/static/scripts/cloudflare.js" size="334597" sha256="5dc80deef4a9bd2c746d828ed20e09875fcb428c943fac46b21f056d05867320"/>
<file name="htdocs/static/scripts/cloudflare.core.js" size="32556" sha256="85a36576b9e867823f14f702e858fc8f6af976c71f6b9e2c8805dd7828c5db29"/>
<file name="htdocs/static/scripts/lightbox.js" size="9118" sha256="0cfb1e9779658fe9f8c97cf753b1bd2b063170eb75273b2335eb6b090e288089"/>
<file name="htdocs/static/scripts/plesk.js" size="30350" sha256="3d9273e89e94e7eee25e4f572d49631de8853a466f5d575a19fb90b296e2e122"/>
<file name="htdocs/static/scripts/cloudflare.ui.js" size="10238" sha256="24e8997d1a707250bec7487fb935e86a8272e65f8f6bbb35ebe7918388f9671c"/>
<file name="htdocs/static/scripts/thirdparty.js" size="1066653" sha256="2a219589a6b5b14e569d05bf15a362f8e29bed1ae0efdd2dab3d62a6bb1bf143"/>
<file name="htdocs/static/scripts/dn.js" size="2492" sha256="a38b15097c19e883b953b7d3a6a2b420365b66b659dbe7979da55fff94a52f8e"/>
<file name="htdocs/static/scripts/cloudflare.client.js" size="15754" sha256="b1fa2081832bb41e7d99b2789124a2dc68b8faa317cb0fcd9e5f50bcdb463686"/>
<file name="htdocs/static/css/thirdparty.css" size="40280" sha256="f4df460577a33181485a607b3ea2051c51851819aafc0a943efa694e5c66b704"/>
<file name="htdocs/static/css/cloudflare_plesk.css" size="1989" sha256="778397c1eece79f440e177a65b849e24ec3e3274aba5dc854e87a8b0f3c89384"/>
<file name="htdocs/static/css/cloudflare.css" size="234523" sha256="ba3fb5979057d45af0cc57fd6a6e1fded3a5ad7ff7366589fb9fd3d2682adf6e"/>
<file name="htdocs/static/css/cloudflare.core.css" size="23789" sha256="4a61855cddd13cbcce7e2d77ec32364cd5d89615227137f14234ceb1cbd85b2f"/>
<file name="htdocs/static/css/cloudflare.content.css" size="29298" sha256="dcd70ad4d5476967a4bbfe4bb95e9def4afe3c69dcaa96caaa8df30ac57c66f4"/>
<file name="htdocs/static/css/lightbox-ui.css" size="861" sha256="42a164192b7a01876c51b6354287d75d3c8db5b689c24b4f48e229e2e434f20a"/>
<file name="htdocs/static/css/close.png" size="1129" sha256="6caec140dcc7113fbe03d6cb56db2ab146d73a33fd4cfbe08e05986797c6ef39"/>
<file name="htdocs/static/css/index.css" size="2172" sha256="73a0ce4760172a468ca386d172626882c21b68696a815c6fbeb5ce6e1f1ddd91"/>
<file name="htdocs/static/css/cloudflare.component.css" size="41853" sha256="8dff7d2b05f0a1c3f73996e975f93083ab7fe540226459213f54a6e09ef2ae34"/>
<file name="htdocs/static/css/sign-up.css" size="309" sha256="a0ea67fb81872c4713ecb882a2bf4517ae06905835a970dec33b04674f52d3f4"/>
<file name="htdocs/static/css/cloudflare.validation.css" size="832" sha256="2a352d6fbe06ee21f49dbd042fc983702196cbf25a46e78d2661a7bc537dbb3a"/>
<file name="htdocs/static/css/lightbox.css" size="526" sha256="c3e8fa6c49ced1463c515fadf8b8fed6173a477e51557c415df2e3299bc1e5a8"/>
<file name="htdocs/license.txt" size="22536" sha256="35fd8bbcd74713b33ebe604e84d0f24d5f727b8a5f3d77ffe33e02c223401249"/>
<file name="APP-META.xml" size="5522" sha256="5dd5cb455bb51948e644d157065530a125c3dbc9c743b4baf224a6c03d9b7d7d"/>
</files>
